{"cameraMode":{"drawMode":0,"name":"Shaded","section":"Shading Mode"},"sceneLighting":false,"audioPlay":false,"sceneViewState":{"showFog":true,"showMaterialUpdate":false,"showSkybox":true,"showFlares":true,"showImageEffects":true,"showParticleSystems":true},"in2DMode":false,"pivot":{"x":0.9691476821899414,"y":2.050299882888794,"z":-0.5160000324249268},"rotation":{"x":-0.23694083094596864,"y":0.45624515414237978,"z":-0.12744677066802979,"w":-0.8482080101966858},"size":4.132211208343506,"orthographic":true}