{"cameraMode":{"drawMode":0,"name":"Shaded","section":"Shading Mode"},"sceneLighting":true,"audioPlay":false,"sceneViewState":{"showFog":true,"showMaterialUpdate":false,"showSkybox":true,"showFlares":true,"showImageEffects":true,"showParticleSystems":true},"in2DMode":false,"pivot":{"x":17.276771545410158,"y":12.10323715209961,"z":39.29999923706055},"rotation":{"x":0.11859690397977829,"y":0.8652466535568237,"z":-0.24309976398944856,"w":0.4221203923225403},"size":27.41162109375,"orthographic":true}