{"cameraMode":{"drawMode":0,"name":"Shaded","section":"Shading Mode"},"sceneLighting":false,"audioPlay":false,"sceneViewState":{"showFog":true,"showMaterialUpdate":false,"showSkybox":true,"showFlares":true,"showImageEffects":true,"showParticleSystems":true},"in2DMode":false,"pivot":{"x":-23.925132751464845,"y":-1.1543329954147339,"z":7.50853157043457},"rotation":{"x":-0.05719909444451332,"y":0.9401451945304871,"z":-0.19832053780555726,"w":-0.27115339040756228},"size":22.0,"orthographic":false}