{"cameraMode":{"drawMode":0,"name":"Shaded","section":"Shading Mode"},"sceneLighting":false,"audioPlay":false,"sceneViewState":{"showFog":true,"showMaterialUpdate":false,"showSkybox":true,"showFlares":true,"showImageEffects":true,"showParticleSystems":true},"in2DMode":false,"pivot":{"x":-27.193889617919923,"y":-0.34944066405296328,"z":5.064452648162842},"rotation":{"x":0.016668662428855897,"y":0.9518228769302368,"z":-0.30164361000061037,"w":0.05259772017598152},"size":1.350582480430603,"orthographic":false}