{"cameraMode":{"drawMode":0,"name":"Shaded","section":"Shading Mode"},"sceneLighting":false,"audioPlay":false,"sceneViewState":{"showFog":true,"showMaterialUpdate":false,"showSkybox":true,"showFlares":true,"showImageEffects":true,"showParticleSystems":true},"in2DMode":false,"pivot":{"x":2.4000000953674318,"y":1.5,"z":14.065500259399414},"rotation":{"x":-0.2266191840171814,"y":0.4864006042480469,"z":-0.13226211071014405,"w":-0.8334056735038757},"size":10.723210334777832,"orthographic":false}