{"cameraMode":{"drawMode":0,"name":"Shaded","section":"Shading Mode"},"sceneLighting":false,"audioPlay":false,"sceneViewState":{"showFog":true,"showMaterialUpdate":false,"showSkybox":true,"showFlares":true,"showImageEffects":true,"showParticleSystems":true},"in2DMode":false,"pivot":{"x":-23.799991607666017,"y":-0.24000000953674317,"z":47.0},"rotation":{"x":0.310064435005188,"y":-0.32716500759124758,"z":0.11458979547023773,"w":0.885263979434967},"size":156.41490173339845,"orthographic":false}