{"cameraMode":{"drawMode":0,"name":"Shaded","section":"Shading Mode"},"sceneLighting":false,"audioPlay":false,"sceneViewState":{"showFog":true,"showMaterialUpdate":false,"showSkybox":true,"showFlares":true,"showImageEffects":true,"showParticleSystems":true},"in2DMode":false,"pivot":{"x":0.6798305511474609,"y":0.5474295616149902,"z":0.5237259864807129},"rotation":{"x":0.20646612346172334,"y":0.3148547410964966,"z":-0.07037395238876343,"w":0.9237346649169922},"size":4.245345115661621,"orthographic":false}