{"cameraMode":{"drawMode":0,"name":"Shaded","section":"Shading Mode"},"sceneLighting":false,"audioPlay":false,"sceneViewState":{"showFog":true,"showMaterialUpdate":false,"showSkybox":true,"showFlares":true,"showImageEffects":true,"showParticleSystems":true},"in2DMode":false,"pivot":{"x":-25.248306274414064,"y":0.9020256996154785,"z":37.9370002746582},"rotation":{"x":0.18031108379364015,"y":0.3333098292350769,"z":-0.06510455906391144,"w":0.9231218099594116},"size":9.86524772644043,"orthographic":false}