{"cameraMode":{"drawMode":0,"name":"Shaded","section":"Shading Mode"},"sceneLighting":false,"audioPlay":false,"sceneViewState":{"showFog":true,"showMaterialUpdate":false,"showSkybox":true,"showFlares":true,"showImageEffects":true,"showParticleSystems":true},"in2DMode":false,"pivot":{"x":0.9691476821899414,"y":2.050299882888794,"z":-0.5160000324249268},"rotation":{"x":-0.18529145419597627,"y":-0.1873932033777237,"z":0.03601421043276787,"w":-0.9639781713485718},"size":2.8578836917877199,"orthographic":true}