{"cameraMode":{"drawMode":0,"name":"Shaded","section":"Shading Mode"},"sceneLighting":false,"audioPlay":false,"sceneViewState":{"showFog":true,"showMaterialUpdate":false,"showSkybox":true,"showFlares":true,"showImageEffects":true,"showParticleSystems":true},"in2DMode":false,"pivot":{"x":9.220892906188965,"y":6.512717247009277,"z":-3.803288698196411},"rotation":{"x":0.2023523896932602,"y":-0.4406396448612213,"z":0.1026609018445015,"w":0.8685338497161865},"size":4.31259822845459,"orthographic":false}