{"cameraMode":{"drawMode":0,"name":"Shaded","section":"Shading Mode"},"sceneLighting":false,"audioPlay":false,"sceneViewState":{"showFog":true,"showMaterialUpdate":false,"showSkybox":true,"showFlares":true,"showImageEffects":true,"showParticleSystems":true},"in2DMode":false,"pivot":{"x":-2.319999933242798,"y":0.44999998807907107,"z":3.859999656677246},"rotation":{"x":0.24712017178535462,"y":-0.2882096469402313,"z":0.07725642621517182,"w":0.9218993186950684},"size":2.1945254802703859,"orthographic":false}