{"cameraMode":{"drawMode":0,"name":"Shaded","section":"Shading Mode"},"sceneLighting":false,"audioPlay":false,"sceneViewState":{"showFog":true,"showMaterialUpdate":false,"showSkybox":true,"showFlares":true,"showImageEffects":true,"showParticleSystems":true},"in2DMode":false,"pivot":{"x":8.25,"y":1.4500000476837159,"z":-6.710000038146973},"rotation":{"x":0.17312972247600556,"y":0.09880027174949646,"z":-0.01745838113129139,"w":0.9797753691673279},"size":5.946870803833008,"orthographic":false}