{"cameraMode":{"drawMode":0,"name":"Shaded","section":"Shading Mode"},"sceneLighting":false,"audioPlay":false,"sceneViewState":{"showFog":true,"showMaterialUpdate":false,"showSkybox":true,"showFlares":true,"showImageEffects":true,"showParticleSystems":true},"in2DMode":false,"pivot":{"x":-24.530000686645509,"y":0.8192257881164551,"z":37.25},"rotation":{"x":0.18185663223266602,"y":0.10304062813520432,"z":-0.01916559785604477,"w":0.9777236580848694},"size":12.673891067504883,"orthographic":false}