{"cameraMode":{"drawMode":0,"name":"Shaded","section":"Shading Mode"},"sceneLighting":false,"audioPlay":false,"sceneViewState":{"showFog":true,"showMaterialUpdate":false,"showSkybox":true,"showFlares":true,"showImageEffects":true,"showParticleSystems":true},"in2DMode":false,"pivot":{"x":-24.530000686645509,"y":0.8192257881164551,"z":37.25},"rotation":{"x":0.14049306511878968,"y":0.40317070484161379,"z":-0.06279031932353974,"w":0.9020933508872986},"size":12.673891067504883,"orthographic":false}