{"cameraMode":{"drawMode":0,"name":"Shaded","section":"Shading Mode"},"sceneLighting":true,"audioPlay":false,"sceneViewState":{"showFog":true,"showMaterialUpdate":false,"showSkybox":true,"showFlares":true,"showImageEffects":true,"showParticleSystems":true},"in2DMode":false,"pivot":{"x":2.4000000953674318,"y":1.5,"z":13.989999771118164},"rotation":{"x":0.34307509660720827,"y":-0.17054426670074464,"z":0.0634930431842804,"w":0.9215112328529358},"size":48.39542770385742,"orthographic":true}