{"cameraMode":{"drawMode":0,"name":"Shaded","section":"Shading Mode"},"sceneLighting":false,"audioPlay":false,"sceneViewState":{"showFog":true,"showMaterialUpdate":false,"showSkybox":true,"showFlares":true,"showImageEffects":true,"showParticleSystems":true},"in2DMode":false,"pivot":{"x":14.359999656677246,"y":0.6800000667572022,"z":10.5},"rotation":{"x":0.35336288809776308,"y":0.16872447729110719,"z":-0.06495723873376847,"w":0.9178493022918701},"size":6.17373514175415,"orthographic":false}